impl_key,effect_slug,source_path,clause,role,aspect,resource,observed_text,implied_text,inference_kind,description,operator,value_si,si_unit,value_text,confidence,notes,updated
predicted:surface-plasmon-resonance:dies-above-plasma-edge,surface-plasmon-resonance,library/surface-plasmon-resonance.md,failure_mode,failure,speed,frequency,If the metal film is driven above its plasma / interband edge it becomes transmitting and the Kretschmann (or grating) reflectance dip should disappear in that same spectral window.,The interface-bound mode is the same electron population as the bulk mirror. Clock overrun that kills R also kills SPR.,envelope,A film that has gone plasma-transparent cannot host an SPR dip at that frequency.,min,,Hz,ω > ωp (or Ag optical edge),medium,Conjecture from collective-screening. Extracted SPR rows locate the thickness window not this spectral twin.,2026-08-17
predicted:surface-plasmon-resonance:island-film-no-dip,surface-plasmon-resonance,library/surface-plasmon-resonance.md,failure_mode,failure,scale,length,A percolated island metal film that is already transmitting in the visible should not produce a propagating-mode Kretschmann dip even if the nominal mass-thickness is tens of nanometres.,No connected screening buffer ⇒ no interface-bound collective mode. Localized particle plasmons if any are a different artifact.,envelope,Island films that starve the mirror also starve Kretschmann SPR.,max,1e-08,m,disconnected / below percolation,medium,Pairs with reflection thin-film / percolation. Localized Mie plasmons are not this prediction.,2026-08-17
predicted:skin-effect:same-n-kills-optical-and-rf,skin-effect,library/skin-effect.md,failure_mode,failure,capacity,node_count,Lowering the free-electron density until the optical plasma edge drops through the visible should also inflate the RF skin depth in the same sample.,Optical R and RF δ are two clocks on one carrier density. Starve n and both envelopes move together.,envelope,One n moves the optical edge and the classical skin depth together.,,,,same n for R(ω) and δ(ω),medium,Does not claim optical penetration equals √(2/ωμσ). Only that they share n.,2026-08-17
predicted:faraday-rotation:metal-collapses-above-edge,faraday-rotation,library/faraday-rotation.md,failure_mode,failure,speed,frequency,Magneto-optical Faraday rotation through a metal or doped plasma should collapse in the same spectral window where that medium goes plasma-transparent.,No collective screening population left to split n±.,envelope,Faraday in a free-electron medium dies with the plasma edge.,min,,Hz,ω > ωp,low,Supporting readout not a core spec. Low confidence: interband Faraday in insulators is a different channel.,2026-08-17
predicted:exchange-bias:no-hex-below-kv,exchange-bias,library/exchange-bias.md,failure_mode,failure,scale,volume,An FM grain already below the KV thermal-escape line should not hold a static Hex loop shift even if an AFM pin is present.,The pin writes a latch cell. If the cell is superparamagnetic there is nothing to pin on laboratory time.,envelope,Exchange-bias requires a thermally stable FM latch cell.,max,2.3e-26,m^3,FM grain KV ≲ 25 kT,medium,Conjecture from anisotropy-latch onto the pin. NdFeB ~30 nm is the parent number not a bilayer measurement.,2026-08-17
predicted:magnetostriction:no-static-lambda-when-unblocked,magnetostriction,library/magnetostriction.md,failure_mode,failure,scale,volume,A superparamagnetic grain should show no static saturation magnetostriction on laboratory time. Any λ would average toward zero with M.,Static ΔL is locked to a held M. No held M ⇒ no static λs.,envelope,The strain channel dies with the latch cell.,max,2.3e-26,m^3,KV ≲ 25 kT,medium,Dynamic / RMS magnetostriction is not this claim.,2026-08-17
predicted:ferroelectric-remanence:depolarization-kills-thin-pr,ferroelectric-remanence,library/ferroelectric-remanence.md,failure_mode,failure,scale,length,A ferroelectric film thinner than its depolarization / dead-layer envelope should lose usable remnant P even when T < Tc and the polar phase is still named.,The polar latch needs a volume that can stand the depolarization field. Below that the well is emptied.,envelope,Superparaelectric / depolarization collapse of Pr in thin films.,max,,m,thinner than the depolarization envelope,medium,Ec / depolarization are already an open mesoscale gap. This is the design talking before the number exists.,2026-08-17
predicted:flux-quantization:no-fluxoid-thinner-than-xi,flux-quantization,library/flux-quantization.md,failure_mode,failure,scale,length,A superconducting wire or constriction narrower than the coherence length should not hold a well-defined trapped fluxoid n Φ0.,The phase winding needs a condensate cross-section of order ξ. Starve that buffer and the integer is not a stable output.,envelope,Fluxoid hardware includes a ξ-class cross-section not just a closed loop.,max,,m,width ≲ ξ,medium,ξ is a material class (nm to μm). Conjecture from gapped-condensate.,2026-08-17
predicted:josephson-effect:lock-fails-above-gap-frequency,josephson-effect,library/josephson-effect.md,failure_mode,failure,speed,frequency,The AC Josephson lock should wash out once the drive frequency is no longer small compared with the gap frequency 2Δ/h of the electrodes.,The weak-link clock rides on the parent condensate. Overrun the gap clock and the lock is no longer a dissipationless pair current.,envelope,V–ν lock is not available above the gap frequency class.,min,,Hz,ν ≳ 2Δ/h,low,Gap frequency is ~10^11 Hz in conventional metals. High-frequency pair breaking is the guessed collapse.,2026-08-17
predicted:superconductivity:unpinned-vortices-kill-persistent-current,superconductivity,library/superconductivity.md,failure_mode,failure,threshold,other,A type-II loop with mobile vortices should not hold a laboratory-timescale persistent current even though T < Tc and H < Hc2.,R=0 after Hc1 is a pinning resource. Unpin the lattice and the persistent current decays by flux flow.,envelope,Persistent current requires pinned vortices in the mixed state.,,,,unpinned flux flow ⇒ I_persist dies,medium,Unpacks pinning-after-hc1 onto the persistent-current output.,2026-08-17
predicted:bose-einstein-condensate:no-fountain-in-dilute-cloud,bose-einstein-condensate,library/bose-einstein-condensate.md,failure_mode,failure,capacity,node_count,A dilute alkali BEC should not produce a thermomechanical fountain or a superleak viscosity collapse of the He-4 kind.,Fountain / superleak need a dense two-fluid ρs. Phase-space condensation is not that hardware.,envelope,Dilute BEC is not chargeless-superflow in disguise.,,,,no fountain / superleak,medium,Conjecture from chargeless-superflow downward.,2026-08-17
predicted:work-function-thermionic:same-face-same-phi,work-function-thermionic,library/work-function-thermionic.md,consistency_gap,gap,threshold,energy,A given crystal face with a given contamination state should show the same φ in photoemission threshold and in the Richardson plot to within the usual tenths-of-an-eV face scatter.,One surface gate opened by hν or by heat. If the two φ disagree beyond face scatter the shared-gate design is in tension.,envelope,Photoelectric and thermionic φ on the same face are one number.,approx,6.4e-19,J,same φ (2–6 eV class),medium,Library already says they share a class. This row conjectures a same-sample identity.,2026-08-17
predicted:photoconductivity:edge-equals-absorption-eg,photoconductivity,library/photoconductivity.md,failure_mode,failure,threshold,energy,In the same crystal the photocurrent onset and the optical absorption edge should sit at the same Eg except for known exciton / Urbach tails.,One gate read two ways. A large split is a different machine or a trap channel.,envelope,Photoconductive onset tracks the absorption edge.,eq,1.794e-19,J,same Eg (Si 1.12 eV as the pin),high,Close to extracted shared-Eg consistency; kept as a same-sample prediction.,2026-08-17
predicted:phonon-dispersion:soft-mode-before-tm,phonon-dispersion,library/phonon-dispersion.md,failure_mode,failure,speed,frequency,Approaching Tm (or a displacive structural transition) a zone-center or zone-boundary branch should soften before Bragg order is lost.,The grid’s allowed-clock table fails by mode softening not only by a sudden Tm jump.,open,Softening is a predicted precursor of grid loss. Not required at every melting point.,,,,ω → 0 on some branch as T → Tm,low,Many melts are first-order and skip a clean soft mode. Flagged low on purpose.,2026-08-17
predicted:thermal-conductivity-phonon:kappa-dies-at-tm,thermal-conductivity-phonon,library/thermal-conductivity-phonon.md,failure_mode,failure,threshold,temperature,Phonon thermal conductivity of the crystal should collapse or change discontinuously at Tm when the grid stops being a grid.,No crystalline mfp resource ⇒ no crystal κ. Liquid heat transport is a different channel.,envelope,Crystal phonon κ does not survive melting.,min,,K,T → Tm,medium,Obvious once the grid is one machine. Still a design-down claim not a library sentence.,2026-08-17
predicted:speed-of-sound:shear-dies-at-melt,speed-of-sound,library/speed-of-sound.md,failure_mode,failure,threshold,temperature,The shear speed should vanish at melting while a longitudinal liquid speed remains.,G → 0 is the elastic face of grid loss. No shear in a liquid is already extracted; this row pins that collapse to Tm.,relabel,Shear sound dies with the grid at Tm.,min,,K,T → Tm ⇒ vs shear → 0,high,Tightest of the grid-down conjectures.,2026-08-17
predicted:thermal-equilibrium-temperature:few-spin-no-stable-t,thermal-equilibrium-temperature,library/thermal-equilibrium-temperature.md,failure_mode,failure,capacity,node_count,A closed few-spin or few-mode system should not yield a stable thermometer reading independent of the observation window.,The average is not a law below a statistical buffer. No universal N; the prediction is the failure class not a number.,open,Few independent contributors ⇒ no stable T.,,,,scatter-dominated; no universal N,medium,Restates the family gap as a concrete negative experiment.,2026-08-17
predicted:ensemble-average:shot-noise-is-not-this-machine,, ,failure_mode,failure,capacity,node_count,A Poisson shot-noise floor that survives T → 0 at finite current is not the Nyquist / Brownian thermal average.,Shot noise is a count-of-events machine. Johnson–Nyquist is an ensemble average. Collapsing one should not be sold as collapsing the other.,envelope,Shot noise is a different machine and is not yet in the library.,,,,T-independent shot vs 4kTR,low,No effect file. effect_slug left null on purpose. Candidate tenth-adjacent artifact not a new design yet.,2026-08-17
predicted:exchange-bias:hex-gone-above-tb-while-fm-latched,exchange-bias,library/exchange-bias.md,failure_mode,failure,threshold,temperature,Above TB but still below the FM Tc the loop shift Hex should be gone while ordinary FM remanence remains.,The pin has thermally unlocked. The parent latch is still written. That split is the reason this is its own machine.,envelope,Hex dies at TB; Mr of the FM can survive.,min,,K,TB < T < Tc(FM),high,This is the design talking. Library already leans this way; the row makes the split an atomic prediction.,2026-08-17
predicted:ferromagnetic-hysteresis:unshifted-loop-without-afm,ferromagnetic-hysteresis,library/ferromagnetic-hysteresis.md,emergent_output,output,output,dimensionless,The same FM film without an AFM pin (or after the pin is destroyed) should show an unshifted loop with Hex ≈ 0.,Hex is not a property of the FM latch. Remove the second latch and the shift goes.,envelope,No pin ⇒ no loop shift.,approx,0.0,T,Hex → 0 without AFM,high,Downward claim from exchange-pin onto the FM hysteresis file.,2026-08-17
predicted:curie-paramagnetism:chi-not-a-latch-spec,curie-paramagnetism,library/curie-paramagnetism.md,energy_barrier,requirement,barrier,energy,χ = C/T cannot be used as the energy barrier of a permanent-magnet latch. The unlocked ensemble is the population the latch replaces.,If a mapping treats Curie χ as the latch barrier the anisotropy-latch design is in tension.,envelope,Unlocked χ is incompatible with a held directional state.,,,,no KV in Curie χ,high,Pairs with the extracted unlocked-no-latch row. Kept as a named downward exclusion.,2026-08-17
predicted:photoelectric-threshold:not-the-plasma-edge,photoelectric-threshold,library/photoelectric-threshold.md,energy_barrier,requirement,threshold,energy,On a given metal φ and the optical plasma / interband edge must not be required to coincide. A sample can sit below φ and below ωp (mirror no photoemission) or in other combinations.,Two gates on one surface. Identifying them collapses two designs into one number.,envelope,φ is not ωp.,,,,φ ≠ ωp (Ag ~4.3 eV vs ~3.9 eV edge),high,Library already warns. This row is the screening engine forbidding the identification.,2026-08-17
predicted:quantum-hall-effect:not-a-pairing-condensate,quantum-hall-effect,library/quantum-hall-effect.md,energy_barrier,requirement,barrier,energy,Integer QHE plateaus should not be readable as a superconducting pairing gap or as a Meissner expulsion. The hardware is a 2DEG plus Landau levels plus an edge channel.,If this claim is forced into gapped-condensate the design is over-stretched. Leave QHE unmapped as a member until it owns its own machine.,envelope,QHE is not the charged pairing condensate.,,,,Landau gap ≠ 2Δ,medium,Why QHE stayed off implication_design. Predicted as an incompatibility not as a tenth design.,2026-08-17
predicted:meissner:no-expulsion-in-he4,meissner,library/meissner.md,failure_mode,failure,scale,other,Liquid 4He below Tλ should not expel magnetic field or show χ = −1 of the Meissner kind.,No charge ⇒ no London λ ⇒ no electromagnetic expulsion. Circulation is not screening.,envelope,Chargeless superflow does not do Meissner.,,,,no χ=−1 in He-4,high,Downward from chargeless-superflow. A charged-superfluid analog would be a different machine.,2026-08-17
predicted:muon-catalyzed-fusion:muon-free-cell-is-null,muon-catalyzed-fusion,library/muon-catalyzed-fusion.md,failure_mode,failure,scale,node_count,"A muon-free hydride cell (Pd–D or Ni–H pulsed coil with no muon source) should not emit the μCF cycle: no ~100–150 dt fusions per stopped muon and no catalysis that dies with τμ or sticking.","This gate requires the muon node. Lattice strain and defect inventory are not substitutes. Cosmic-ray flux does not track bake-out or cold work.",envelope,A muon-free cell is not this machine.,eq,0.0,1,zero muons ⇒ null cycle,high,Downward from energy-gate. Bounds EM-LENR: isolate the latch; do not file that cell as μCF.,2026-08-17
predicted:edge-channel:qpc-is-not-this-edge,quantum-point-contact,library/quantum-point-contact.md,failure_mode,failure,threshold,other,"A ballistic 1D constriction gated without a perpendicular field should show 2e²/h steps (or pinch-off) and should not produce a Hall plateau at RK/ν with Rxx→0 of the integer-QHE kind.","Edge-channel hardware is a gapped 2D bulk plus an edge path. A QPC has no bulk Landau gap and needs no B.",envelope,QPC is not the edge-channel machine.,,,,2e²/h steps ≠ RH plateau,high,Downward from edge-channel. Library already states the split; this row makes it a design commitment.,2026-08-17
predicted:edge-channel:qshe-cousin-if-filed,, ,energy_barrier,requirement,barrier,energy,"A 2D topological-insulator helical edge (QSHE) or a magnetically gapped Chern-insulator edge (QAHE) that shows a quantized conductance plateau without a perpendicular-field Landau ladder would share the edge-path stack but not the integer-QHE clock. Either should be added as a second core member of edge-channel rather than forced into integer QHE or into QPC.","If this cousin is folded into the integer-QHE B-opened ladder the design is over-stretched. File it first; then promote edge-channel from draft.",envelope,QSHE / QAHE are cousins not yet in the library.,,,,helical or Chern edge; no Landau ladder,medium,effect_slug left null on purpose. Upgrade trigger for formal status. Do not mint a second predicted cousin row.,2026-08-17
predicted:bose-einstein-condensate:trap-off-is-null,bose-einstein-condensate,library/bose-einstein-condensate.md,failure_mode,failure,power,energy,"If the trap and cooling are switched off while T and n are still nominally below the last recorded Tc(n), the bimodal peak and interference contrast should vanish as the cloud expands.","Holding the dilute condensate needs continuous trap plus cool. Dark hold is not this machine.",envelope,Trap off ⇒ laboratory condensate is gone.,,,,not 0 W hold,high,Downward from phase-space-condensate. Atomic form of not-zero-hold-power. File already notes expansion after release; this row is the hold-power test.,2026-08-17
predicted:bose-einstein-condensate:no-meissner-no-london,bose-einstein-condensate,library/bose-einstein-condensate.md,failure_mode,failure,scale,other,"A dilute alkali BEC should not expel magnetic field or show χ = −1 of the Meissner kind, and it should not present a London λ.","Phase-space condensation is chargeless and has no pairing condensate. Circulation or vortices in the cloud are not electromagnetic screening.",envelope,Dilute BEC is not a London superconductor.,,,,no χ=−1; no λ,high,Twin of predicted:meissner:no-expulsion-in-he4 from the dilute-cloud side.,2026-08-17
predicted:superfluid-helium-4:tl-is-not-tc-n,superfluid-helium-4,library/superfluid-helium-4.md,energy_barrier,requirement,threshold,temperature,"Tλ at saturated vapour pressure should stay 2.17 K and should not track n^{2/3} of a dilute trapped cloud. Changing the density of an alkali BEC is not a prediction for the helium λ-line.","Dense two-fluid He-4 and dilute phase-space condensation share a thermal coherence cliff as a kind, not a number.",envelope,Tλ is not Tc(n).,eq,2.17,K,Tλ = 2.17 K ≠ Tc(n),high,Downward from phase-space-condensate and chargeless-superflow. Same honesty as thermal-cliff audit.,2026-08-17
predicted:quantum-point-contact:steps-survive-at-zero-b,quantum-point-contact,library/quantum-point-contact.md,failure_mode,failure,threshold,b_field,"A ballistic 1D constriction gated at B = 0 (or with only an in-plane field) should still show 2e²/h steps or pinch-off. A perpendicular Landau ladder is not required for the staircase.","Landauer-channel hardware is a saddle in a 2DEG reservoir, not a gapped 2D bulk. Demanding B to open the steps identifies this machine with edge-channel.",envelope,QPC steps persist with no perpendicular B.,approx,0.0,T,B = 0 still steps,high,Atomic form of no-perpendicular-b-required. Complements predicted:edge-channel:qpc-is-not-this-edge.,2026-08-17
predicted:coulomb-blockade:diamonds-are-not-landauer-steps,coulomb-blockade,library/coulomb-blockade.md,emergent_output,output,output,other,"A Coulomb-blockaded island should show bias/gate diamonds with period e set by Ec, not a two-terminal staircase locked to n×2e²/h. Opening the island into a ballistic constriction (or closing a QPC into a small island) should switch the readout from one artifact to the other, not rename it.","Charging is an N=1 energy-gate. 1D modes are a Landauer channel. Same small electron structure; different machine.",envelope,Charging diamonds are not Landauer steps.,,,,diamonds period e ≠ n×2e²/h,high,Downward from landauer-channel and energy-gate. Library already cross-cites; this row is the design commitment.,2026-08-17
predicted:cyclotron-resonance:same-omega-c-not-a-plateau,cyclotron-resonance,library/cyclotron-resonance.md,emergent_output,output,output,other,"In a 2DEG that can host both a cyclotron line and integer Hall plateaus, walking the microwave drive off ωc should kill the absorption line without moving RH off RK/ν. Walking B off a plateau should kill the flat RH without requiring the microwave line to be the collapse.","Same eB/m combination; different output. CR is a clock-match absorption; QHE is a DC edge-channel plateau.",envelope,The cyclotron line is not the Hall plateau.,,,,m* line ≠ RH = RK/ν,high,Downward from edge-channel. Uses the existing CR ↔ QHE related-entry split.,2026-08-17
predicted:coulomb-blockade:rq-is-not-rk,coulomb-blockade,library/coulomb-blockade.md,consistency_gap,gap,output,other,"RQ = h/e² as the tunnel-resistance floor that keeps island N integer should not appear as a Hall plateau at RK/ν with Rxx→0. A blockaded island is not a metrological Hall bar.","Same h/e² bricks. RQ is a charge-quantization floor; RK is an edge-channel output.",envelope,RQ is not a Hall quantum.,,,,RQ floor ≠ RH plateau,high,Promotes coulomb-blockade:consistency_gap:rq-not-hall to a design commitment. Twin of predicted:photoelectric-threshold:not-the-plasma-edge.,2026-08-17
predicted:deuteron-photodisintegration:photon-is-not-a-muon,deuteron-photodisintegration,library/deuteron-photodisintegration.md,failure_mode,failure,scale,node_count,"A 2.224 MeV photon on deuterium should unbind d → p+n and should not start a muon-catalyzed cycle: no ~100–150 dt fusions per stopped muon, and the yield should not die with τμ or α-sticking.","Opposite arrow on the same two nucleons. The unbinding gate is a photon plus a deuteron; the fusion-direction gate needs a muon.",envelope,A photodisintegration photon is not a muon catalyst.,eq,0.0,1,γ ≠ μ,high,Downward from energy-gate. Complements predicted:muon-catalyzed-fusion:muon-free-cell-is-null.,2026-08-17
predicted:pyroelectric-fusion:muon-free-still-not-mucf,pyroelectric-fusion,library/pyroelectric-fusion.md,failure_mode,failure,scale,node_count,"A pyroelectric LiTaO3 + D cell with no muon source should still be able to emit 2.45 MeV D–D neutrons on a thermal ramp, and that burst should not collapse after 2.197 μs. The yield should track ΔT and D inventory, not stopped-muon number or sticking.","Pyroelectric fusion is a polar-field beam gate. It is not the μCF cycle and not a muon-free substitute for that cycle.",envelope,Pyroelectric neutrons do not die with τμ.,,,,ramp clock ≠ τμ,high,Downward from energy-gate. Distinguishes the two uncommon H gates. Bounds EM-LENR: a pulsed-coil hydride is neither machine.,2026-08-17
predicted:coulomb-blockade:ec-is-not-phi,coulomb-blockade,library/coulomb-blockade.md,energy_barrier,requirement,threshold,energy,"On a given island the charging energy Ec = e²/2C should not be required to equal the work function φ of the leads. Changing lead φ (or the photoelectric threshold of the same metal) should not be sold as moving the diamond period.","One design, two gates. Ec is electrostatic; φ is a surface unbinding. Identifying them collapses the charging island into the photoelectric face.",envelope,Ec is not φ.,,,,Ec ≠ φ,high,Twin of predicted:photoelectric-threshold:not-the-plasma-edge, inside energy-gate.,2026-08-17
predicted:coherent-neutrino-scattering:no-ibd-threshold,coherent-neutrino-scattering,library/coherent-neutrino-scattering.md,failure_mode,failure,threshold,energy,"A CEνNS target exposed to neutrinos well below the 1.8 MeV inverse-beta-decay threshold should still produce N² recoils while qR ≪ 1. The IBD channel staying shut is not this collapse.","The operating window is the coherence condition, not a rest-mass or charged-current gate. A large rate step at 1.8 MeV on the same nucleus would be a different machine.",envelope,CEνNS does not turn on at the IBD threshold.,max,2.88e-13,J,Eν < 1.8 MeV still CEνNS if qR≪1,medium,Same-sample commitment. Extracted rows already say there is no IBD gate; this row is the would-be observation.,2026-08-17
predicted:mossbauer-effect:f-dies-at-tm,mossbauer-effect,library/mossbauer-effect.md,failure_mode,failure,threshold,temperature,"The recoilless fraction f of a crystalline host should collapse or vanish at Tm when Bragg order and the bound-host buffer are lost. A melt or liquid of the same nuclei should not show this resonance.","No grid ⇒ no recoilless channel. Sibling of shear sound and crystal κ dying at the same Tm.",envelope,Mössbauer f does not survive melting.,min,,K,T → Tm ⇒ f → 0,high,Third melt twin on oscillator-grid. File already names melt as a collapse; this row pins it to the shared grid-loss test.,2026-08-17
predicted:pyroelectric-fusion:dies-above-host-tc,pyroelectric-fusion,library/pyroelectric-fusion.md,failure_mode,failure,threshold,temperature,"A pyroelectric D–D cell whose host is taken through its ferroelectric Tc (LiTaO3 ~890 K) should lose the accelerating potential and the 2.45 MeV neutron burst even if deuterium is still present.","The polar latch writes the field. Above Tc the field engine is gone; the nuclear gate has nothing to open it.",envelope,Pyroelectric fusion dies with the polar host.,min,,K,T → Tc(host) (LiTaO3 ~890 K),high,Downward from polar-latch. Twin of piezoelectricity:failure_mode:ferroelectric-tc. Ordinary ramps stay far below this cliff.,2026-08-17
predicted:casimir-force:starved-faces-kill-force,casimir-force,library/casimir-force.md,failure_mode,failure,scale,length,"A pair of plates whose metal faces are already islanded or plasma-transparent in the visible — so that ordinary reflectivity has collapsed — should not produce a conducting-plate Casimir attraction of the 1/d^4 class at the same gap. Dielectric contrast if any is a different, weaker channel.","The faces still need a screening population. Starve that buffer and the mode cutoff of this kind dies with the mirror.",envelope,Starved screening faces starve Casimir contrast.,max,1e-08,m,disconnected / plasma-transparent faces,medium,Extends coupled-screening-failure onto Casimir. Do not predict the π²ℏc/240 prefactor. Localized particle plasmons / patch charge are not this claim.,2026-08-17
